<?xml version="1.0" encoding="UTF-8"?>
<!DOCTYPE dtbook PUBLIC "-//NISO//DTD dtbook 2005-3//EN" "http://www.daisy.org/z3986/2005/dtbook-2005-3.dtd">
<dtbook version="2005-3" xml:lang="sv" xmlns="http://www.daisy.org/z3986/2005/dtbook/">
<head>
<meta name="dtb:uid" content="X90719C" />
<meta name="dc:Title" content="Ämnesprov, läsår 2017/2018. Matematik. Årskurs 6. Delprov B" />
<meta name="dc:Creator" content="Skolverket" />
<meta name="dc:Identifier" content="X90719C"/>
<meta name="track:Guidelines" content="2011-2" />
<meta name="track:Supplier" content="PUAB" />
<meta name="dc:Language" content="sv" />
<meta name="dc:Format" content="DTBook" />
<meta name="dc:Date" content="2018-02-13" />
<meta name="dc:Publisher" content="SPSM" />
<meta name="track:SuppliedDate" content="2018-02-13" />
</head>
<book>
<frontmatter>
<doctitle>Ämnesprov, läsår 2017/2018. Matematik. Årskurs 6. Delprov B</doctitle>
<docauthor>Skolverket</docauthor>
</frontmatter>
<bodymatter>
<level1>
<pagenum page="normal" id="page-3">3</pagenum>

<p>Miniräknare ej tillåten. Hjälpmedel: linjal</p>

<p class="precedingemptyline"><span class="exercisenumber">1.</span> (2/0/0) I en låda med frukt finns 172 frukter.</p>

<p>Det finns bananer, plommon, äpplen och apelsiner.</p>

<p>Det finns lika många frukter av varje sort.</p>

<p>Hur många frukter av varje sort finns det i lådan?</p>

<p>Visa hur du löser uppgiften.</p>

    <p><span class="exercisenumber">2.</span> Se svällpappersbild<br/>
        Klassen gör tröjor med ett koordinatsystem på ryggen. En ryggkliartröja.
<span class="exercisepart">a)</span> (1/0/0) Markera för punkten med koordinaterna (1, 3).
<span class="exercisepart">b)</span> (1/0/0) Markera för punkten med koordinaterna (-4, 2).</p>

<imggroup>
<img alt="illustration" src="p003-01.jpg" />

</imggroup>
<pagenum page="normal" id="page-4">4</pagenum>

<p><span class="exercisenumber">3.</span> Lös uppgifterna och visa dina beräkningar.
<span class="exercisepart">a)</span> (2/0/0) <span class="asciimath">`4375 + 7683 = "---"`</span>
<span class="exercisepart">b)</span> (2/0/0) <span class="asciimath">`831 - 294 = "---"`</span>
<span class="exercisepart">c)</span> (2/0/0) <span class="asciimath">`346 * 8 = "---"`</span>
<span class="exercisepart">d)</span> (1/1/0) <span class="asciimath">`8742/6 = "---"`</span></p>
<pagenum page="normal" id="page-5">5</pagenum>

    <p><span class="exercisenumber">4.</span> Se svällpappersbild<br/> 
    Använd tidslinjen. Vilket år uppfanns
<span class="exercisepart">a)</span> (1/0/0) kompassen? Svar: <span class="answer">---</span>
<span class="exercisepart">b)</span> (1/0/0) mikroskopet? Svar: <span class="answer">---</span>
<span class="exercisepart">c)</span> (0/1/0) fotbollen? Svar: <span class="answer">---</span></p>

<imggroup>
<img alt="illustration" src="p005-01.jpg" />

</imggroup>

<p><span class="exercisenumber">5.</span> (1/0/0) Det är lika många bönor i varje ask.</p>

<p>Hur många bönor finns i en ask?</p>

<p>a = ask</p>

<p>b = böna</p>

<p><span class="asciimath">`"a a a " + " b b " = " a a " + " b b b b b b"`</span></p>

<p>Svar: <span class="answer">---</span></p>

<p><span class="exercisenumber">6.</span> (2/0/0) Wilma vill köpa ett nytt spel. Hon sparar 75 kr varje månad.</p>

<p>Efter 6 månader har hon sparat ihop hälften av vad spelet kostar.</p>

<p>Hur mycket kostar spelet?</p>

<p>Visa hur du löser uppgiften.</p>
<pagenum page="normal" id="page-6">6</pagenum>

<p><span class="exercisenumber">7.</span> Skriv talet som saknas så att varje likhet stämmer.
<span class="exercisepart">a)</span> (1/0/0) <span class="asciimath">`300 - "---" = 167`</span>
<span class="exercisepart">b)</span> (1/0/0) <span class="asciimath">`2 * 42 = 4 * "---"`</span>
<span class="exercisepart">c)</span> (0/1/0) <span class="asciimath">`3 * 4 - 5 = 3 * "---" - 8`</span>
<span class="exercisepart">d)</span> (0/1/0) <span class="asciimath">`56/8 = "---" - 10`</span></p>

    <p><span class="exercisenumber">8.</span> (0/1/0) Se svällpappersbild<br/> 
    Hur stor del av triangeln är markerad? Svara i bråkform.</p>

<p>Svar: <span class="answer">---</span></p>

<imggroup>
<img alt="illustration" src="p006-01.jpg" />
</imggroup>

    <p><span class="exercisenumber">9.</span> (1/1/0) Se svällpappersbild<br/> 
    Hur stor är vinkel x i triangeln?</p>

<p>Visa hur du beräknar vinkeln.</p>

<imggroup>
<img alt="illustration" src="p006-02.jpg" />

</imggroup>
<pagenum page="normal" id="page-7">7</pagenum>

<p><span class="exercisenumber">10.</span> Datorer använder det binära talsystemet.</p>

<p>I det binära talsystemet skriver man alla tal med siffrorna 0 och 1.</p>

<p class="precedingemptyline">Tabellen visar hur man skriver olika tal i det binära talsystemet.</p>

<table>

<tr>
<td>

<p>Vårt talsystem</p></td>
<td colspan="5">

<p>Binära talsystemet</p></td>
</tr>

<tr>
<td>

<p>0</p></td>
<td></td>
<td></td>
<td></td>
<td></td>
<td>

<p>0</p></td>
</tr>

<tr>
<td>

<p>1</p></td>
<td></td>
<td></td>
<td></td>
<td></td>
<td>

<p>1</p></td>
</tr>

<tr>
<td>

<p>2</p></td>
<td></td>
<td></td>
<td></td>
<td>

<p>1</p></td>
<td>

<p>0</p></td>
</tr>

<tr>
<td>

<p>3</p></td>
<td></td>
<td></td>
<td></td>
<td>

<p>1</p></td>
<td>

<p>1</p></td>
</tr>

<tr>
<td>

<p>4</p></td>
<td></td>
<td></td>
<td>

<p>1</p></td>
<td>

<p>0</p></td>
<td>

<p>0</p></td>
</tr>

<tr>
<td>

<p>5</p></td>
<td><span class="answer">---</span></td>
<td><span class="answer">---</span></td>
<td><span class="answer">---</span></td>
<td><span class="answer">---</span></td>
<td><span class="answer">---</span></td>
</tr>

<tr>
<td>

<p>6</p></td>
<td></td>
<td></td>
<td>

<p>1</p></td>
<td>

<p>1</p></td>
<td>

<p>0</p></td>
</tr>

<tr>
<td>

<p>7</p></td>
<td></td>
<td></td>
<td>

<p>1</p></td>
<td>

<p>1</p></td>
<td>

<p>1</p></td>
</tr>

<tr>
<td>

<p>8</p></td>
<td></td>
<td>

<p>1</p></td>
<td>

<p>0</p></td>
<td>

<p>0</p></td>
<td>

<p>0</p></td>
</tr>

<tr>
<td>

<p>9</p></td>
<td></td>
<td>

<p>1</p></td>
<td>

<p>0</p></td>
<td>

<p>0</p></td>
<td>

<p>1</p></td>
</tr>

<tr>
<td>

<p>10</p></td>
<td></td>
<td>

<p>1</p></td>
<td>

<p>0</p></td>
<td>

<p>1</p></td>
<td>

<p>0</p></td>
</tr>

<tr>
<td>

<p>11</p></td>
<td></td>
<td>

<p>1</p></td>
<td>

<p>0</p></td>
<td>

<p>1</p></td>
<td>

<p>1</p></td>
</tr>

<tr>
<td>

<p>12</p></td>
<td><span class="answer">---</span></td>
<td><span class="answer">---</span></td>
<td><span class="answer">---</span></td>
<td><span class="answer">---</span></td>
<td><span class="answer">---</span></td>
</tr>
</table>

<p>
<span class="exercisepart">a)</span> (1/0/0) Hur skriver man 5 i det binära talsystemet?<br/>
Skriv talet.
<span class="exercisepart">b)</span> (0/1/0) Hur skriver man 12 i det binära talsystemet?<br/>
    Skriv talet.</p>
<pagenum page="normal" id="page-8">8</pagenum>

    <p><span class="exercisenumber">11.</span> Se svällpappersbild<br/> 
    Eleverna röstar på sitt favoritdjur.</p>

<p>Diagrammet visar resultatet för tre klasser.</p>

<p>
<span class="exercisepart">a)</span> (1/0/0) Hur många elever i klass 6b röstar på hund?<br/>
Svar: <span class="answer">---</span>
<span class="exercisepart">b)</span> (0/2/0) Hur många procent av eleverna i klass 6c röstar på marsvin?<br/>
Visa hur du löser uppgiften.
<span class="exercisepart">c)</span> (0/0/1) Hugo säger att det är lika stor andel elever i klass 6a som i klass 6c som röstar på marsvin.<br/>
Har han rätt?<br/>
Motivera ditt svar.</p>

<imggroup>
<img alt="illustration" src="p008-01.jpg" />

</imggroup>
<pagenum page="normal" id="page-9">9</pagenum>

<p><span class="exercisenumber">12.</span> (0/1/0) Vilka två tal har samma värde?</p>

<p>Markera dina två svar.</p>

<list type="pl">
<li>a) <span class="asciimath">`6/100`</span></li>
<li>b) 40 %</li>
<li>c) 60 %</li>
<li>d) <span class="asciimath">`0,04`</span></li>
<li>e) <span class="asciimath">`3/5`</span></li>
<li>f) <span class="asciimath">`0,35`</span></li>
</list>

<p><span class="exercisenumber">13.</span> (0/1/0) En av ekvationerna har lösningen <span class="asciimath">`x = 12`</span>. Vilken?</p>

<p>Markera ditt svar.</p>

<list type="pl">
<li>a) <span class="asciimath">`18 - 6 = x + 12`</span></li>
<li>b) <span class="asciimath">`12 = 24/x`</span></li>
<li>c) <span class="asciimath">`7 * 4 = 2 * x`</span></li>
<li>d) <span class="asciimath">`x/3 + 3 = 7`</span></li>
<li>e) <span class="asciimath">`x + 1 = 13 - 1`</span></li>
</list>

<p><span class="exercisenumber">14.</span> (0/0/1) Maja har 30 kr mindre än Samira. Maja har m antal kronor och Samira har s antal kronor. Vilket samband stämmer?</p>

<p>Markera ditt svar.</p>

<list type="pl">
<li>a) <span class="asciimath">`m = 30 - s`</span></li>
<li>b) <span class="asciimath">`m = 30 * s`</span></li>
<li>c) <span class="asciimath">`m = 30 + s`</span></li>
<li>d) <span class="asciimath">`m + 30 = s`</span></li>
<li>e) <span class="asciimath">`m - 30 = s`</span></li>
</list>

<p><span class="exercisenumber">15.</span> (0/0/1) Du vet att <span class="asciimath">`235/50 = 4,7`</span>.</p>

<p>Hur mycket är då <span class="asciimath">`235/0,5`</span>?</p>

<p>Svar: <span class="answer">---</span></p>
</level1>
</bodymatter>
</book>
</dtbook>
