<?xml version="1.0" encoding="UTF-8"?>
<!DOCTYPE dtbook PUBLIC "-//NISO//DTD dtbook 2005-3//EN" "http://www.daisy.org/z3986/2005/dtbook-2005-3.dtd">
<dtbook version="2005-3" xml:lang="sv" xmlns="http://www.daisy.org/z3986/2005/dtbook/">
<head>
<meta name="dtb:uid" content="X90584C" />
<meta name="dc:Title" content="Ämnesprov, läsår 2016/2017. Kemi. Årskurs 9. Delprov A3" />
<meta name="dc:Creator" content="Skolverket" />
<meta name="dc:Identifier" content="X90584C"/>
<meta name="track:Guidelines" content="2011-2" />
<meta name="track:Supplier" content="PUAB" />
<meta name="dc:Language" content="sv" />
<meta name="dc:Format" content="DTBook" />
<meta name="dc:Date" content="2017-02-16" />
<meta name="dc:Publisher" content="SPSM" />
<meta name="track:SuppliedDate" content="2017-02-16" />
</head>
<book>
<frontmatter>
<doctitle>Ämnesprov, läsår 2016/2017. Kemi. Årskurs 9. Delprov A3</doctitle>
<docauthor>Skolverket</docauthor>
<level1>

<pagenum page="front" id="frontpage-1"></pagenum>
<h1>Innehåll</h1>

<list type="pl">
<li>
<lic>Planering av en systematisk undersökning i kemi</lic> <lic>2</lic>

<list type="pl">
<li><lic>Avdunstar alla vätskor lika lätt?</lic> <lic>2</lic></li>
</list>
</li>
</list>
</level1>
</frontmatter>
<bodymatter>
<level1>

<pagenum page="normal" id="page-2">2</pagenum>

<h1>Planering av en systematisk undersökning i kemi</h1>

<level2>
<h2>Avdunstar alla vätskor lika lätt?</h2>

<p>När en vätska avdunstar innebär det att vätskans molekyler avges till luften ovanför. Molekylernas struktur avgör hur lätt de avges till luften ovanför.</p>

<p>Olika vätskor består av olika molekyler:</p>

<p>Se svällpappersbild.</p>

<imggroup>
<img alt="illustration" src="p002-01.jpg" />
</imggroup>

<p><span class="exercisenumber">14.</span>
<span class="exercisepart">a)</span> (Symbol: rad 2, nivå C) Skriv en hypotes där du gör ett antagande om det är metanolmolekyler, etanolmolekyler eller kolvätemolekyler som avdunstar lättast<br />
och<br />
använd kunskaper om olika molekylers struktur för att motivera ditt antagande.
<span class="exercisepart">b)</span> (Symbol: rad 2, nivå E, C och A) Skriv en instruktion där du steg för steg beskriver hur en undersökning ska genomföras, för att kunna avgöra vilken av de tre vätskorna som avdunstar lättast<br />
och<br />
hur resultatet ska avläsas.</p>

<pagenum page="normal" id="page-3">3</pagenum>

<p>Planering:</p>

<p>a) Hypotes <span class="answer">---</span></p>

<p>b) Undersökningsmetod <span class="answer">---</span></p>
</level2>
</level1>
</bodymatter>
</book>
</dtbook>
