<?xml version="1.0" encoding="UTF-8"?>
<!DOCTYPE dtbook PUBLIC "-//NISO//DTD dtbook 2005-3//EN" "http://www.daisy.org/z3986/2005/dtbook-2005-3.dtd">
<dtbook version="2005-3" xml:lang="sv" xmlns="http://www.daisy.org/z3986/2005/dtbook/">
<head>
<meta name="dtb:uid" content="X90720C" />
<meta name="dc:Title" content="Ämnesprov, läsår 2017/2018. Matematik. Årskurs 6. Delprov C" />
<meta name="dc:Creator" content="Skolverket" />
<meta name="dc:Identifier" content="X90720C"/>
<meta name="track:Guidelines" content="2011-2" />
<meta name="track:Supplier" content="PUAB" />
<meta name="dc:Language" content="sv" />
<meta name="dc:Format" content="DTBook" />
<meta name="dc:Date" content="2018-02-13" />
<meta name="dc:Publisher" content="SPSM" />
<meta name="track:SuppliedDate" content="2018-02-13" />
</head>
<book>
<frontmatter>
<doctitle>Ämnesprov, läsår 2017/2018. Matematik. Årskurs 6. Delprov C</doctitle>
<docauthor>Skolverket</docauthor>
</frontmatter>
<bodymatter>
<level1>
<pagenum page="normal" id="page-3">3</pagenum>

<p>Hjälpmedel: Miniräknare, linjal</p>

<p class="precedingemptyline">På uppgifterna i delprovet ska du redovisa hur du löser dem. Dina redovisningar ska vara så tydliga att någon annan kan läsa och förstå vad du menar.</p>

<p>Om du gör dina beräkningar på miniräknaren ska du redovisa dem. Du kan få poäng för delvis löst uppgift.</p>

<p>Läraren kommer att bedöma:</p>

<list type="pl">
<li>&#x2022; Hur du löser uppgifter.</li>
<li>&#x2022; Vilka kunskaper du visar om matematiska begrepp.</li>
<li>&#x2022; Vilka metoder du väljer och hur du använder dem.</li>
<li>&#x2022; Hur väl du redovisar ditt arbete.</li>
<li>&#x2022; Hur väl du använder ett matematiskt språk.</li>
</list>

<p>Du kommer att få möta Samira, Viktor, Alice och Robin som går i årskurs 6. I deras skola har de en temadag om uppfinningar. Dagen börjar med att eleverna delas in i grupper.</p>

<p>I ett klassrum läser de om och diskuterar olika uppfinningar och får sen rösta om vilken de tycker är viktigast. I ett annat klassrum får de leta efter vanliga uppfinningar. I Viktors grupp hittar de till exempel en termometer, en skruv och ett gem. Alice hittar små post-it-lappar i olika storlekar.</p>

<p>Eleverna får också bygga bilar som kan åka med hjälp av gummiband. De tävlar sedan om vilken bil som kommer längst.</p>

<p>I slutet av temadagen förbereder eleverna en utställning om uppfinningar.</p>

<pagenum page="normal" id="page-4">4</pagenum>

<p><span class="exercisenumber">16.</span> (2/0/0) På temadagen är eleverna delade i 30 olika grupper:</p>

<p>16 grupper med 13 elever i varje grupp.</p>

<p>14 grupper med 12 elever i varje grupp.</p>

<p>Hur många elever är med på temadagen?</p>

<p>Visa hur du löser uppgiften.</p>

<p><span class="exercisenumber">17.</span> (2/0/0) En burk väger 789 g när den är full med enkronor.</p>

<p>En enkrona väger <span class="asciimath">`3,6 " g"`</span>. Viktor tömmer burken och när den är tom väger den 375 g.</p>

<p>Hur många enkronor fanns i burken?</p>

<p>Visa hur du löser uppgiften.</p>
<pagenum page="normal" id="page-5">5</pagenum>

<p><span class="exercisenumber">18.</span> (3/0/0) Klassen köper material för att bygga gummibandsbilar.</p>

<list type="pl">
<li>Förpackning med pennor 17 kr</li>
<li>Lim <span class="asciimath">`29,90 " kr"`</span></li>
<li>Förpackning med gummiband <span class="asciimath">`35,80 " kr"`</span></li>
<li>Förpackning med paljetter <span class="asciimath">`24,60 " kr"`</span></li>
</list>

<p>Så här många förpackningar köper de:</p>

    <table>
        
        <tr>
            <td>
                
                <p>förpackning</p></td>
            <td>
                
                <p>antal</p></td>
        </tr>
        
        <tr>
            <td>
                
                <p>pennor</p></td>
            <td>
                
                <p>4</p></td>
        </tr>
        
        <tr>
            <td>
                
                <p>lim</p></td>
            <td>
                
                <p>4</p></td>
        </tr>
        
        <tr>
            <td>
                
                <p>gummiband</p></td>
            <td>
                
                <p>1</p></td>
        </tr>
        
        <tr>
            <td>
                
                <p>paljetter</p></td>
            <td>
                
                <p>1</p></td>
        </tr>
    </table>

<p>Hur mycket kostar allt material de köper?</p>

<p>Visa hur du löser uppgiften.</p>
<pagenum page="normal" id="page-6">6</pagenum>

<p><span class="exercisenumber">19.</span> Viktor, Samira, Robin och Alice har byggt var sin bil.</p>

<p>De tävlar om vems bil som kommer längst.</p>

<p>I tabellen ser du resultaten för tre av bilarna.</p>

<p>Alice resultat saknas i tabellen.</p>

<table>

<tr>
<td>

<p>Namn</p></td>
<td>

<p>Lopp 1 (cm)</p></td>
<td>

<p>Lopp 2 (cm)</p></td>
<td>

<p>Lopp 3 (cm)</p></td>
</tr>

<tr>
<td>

<p>Viktor</p></td>
<td>

<p>308</p></td>
<td>

<p>95</p></td>
<td>

<p>150</p></td>
</tr>

<tr>
<td>

<p>Samira</p></td>
<td>

<p>282</p></td>
<td>

<p>277</p></td>
<td>

<p>290</p></td>
</tr>

<tr>
<td>

<p>Robin</p></td>
<td>

<p>55</p></td>
<td>

<p>161</p></td>
<td>

<p>412</p></td>
</tr>

<tr>
<td>

<p>Alice</p></td>
<td><span class="answer">---</span></td>
    <td><span class="answer">---</span></td>
    <td><span class="answer">---</span></td>
</tr>
</table>

<p>
<span class="exercisepart">a)</span> (1/0/0) Hur långt kommer Samiras bil i lopp 2?<br/>
Svar: <span class="answer">---</span> cm
    <span class="exercisepart">b)</span> (1/0/0) Se svällpappersbild.<br/> 
    Diagrammen visar hur långt bilarna har kommit i varje lopp.<br/>
    Para ihop Viktors, Samiras och Robins bilar med rätt diagram a-d.</p>

<imggroup>
<img alt="illustration" src="p006-01.jpg" />

</imggroup>

<p>
<span class="exercisepart">c)</span> (1/0/0) Alice resultat visas också i diagrammen.<br/>
Fyll i resultatet för Alice bil i listan nedan.</p>


<list type="pl">
    <li>Lopp 1 (cm): <span class="answer">---</span></li>
    <li>Lopp 2 (cm): <span class="answer">---</span></li>
    <li>Lopp 3 (cm): <span class="answer">---</span></li>
   
</list>
<pagenum page="normal" id="page-7">7</pagenum>

    <p><span class="exercisenumber">20.</span> Se svällpappersbild.<br/> 
    Eleverna röstar om vilken uppfinning de tycker är viktigast.
<span class="exercisepart">a)</span> (1/0/0) Hur många procent av eleverna röstar på pengar?<br/>
Svar: <span class="answer">---</span> %
<span class="exercisepart">b)</span> (0/2/0) 15 elever röstar på bil. Hur många elever röstar på medicin?<br/>
Visa hur du löser uppgiften.</p>

<imggroup>
<img alt="illustration" src="p007-01.jpg" />

</imggroup>
<pagenum page="normal" id="page-8">8</pagenum>

<p><span class="exercisenumber">21.</span> (0/1/1) På skolan finns en grupp som planerar utställningen.</p>

<p>De är 20 personer i gruppen och medelvärdet av deras åldrar är 12 år.</p>

<p>Det börjar tre nya personer som är 10 år, 11 år och 15 år i gruppen.</p>

<p>Hur förändras medelvärdet?</p>

<p>Markera ditt svar och motivera.</p>

<list type="pl">
<li>a) Det höjs</li>
<li>b) Det sänks</li>
<li>c) Det förändras inte</li>
<li>d) Det kan man inte säga</li>
</list>

<p>Motivera ditt svar.</p>

<p><span class="exercisenumber">22.</span> (0/3/0) Alice, Samira, Viktor och Robin bakar bullar till utställningen.</p>

<list type="pl">
<li>&#x2022; Alice bakar hälften av alla bullar.</li>
<li>&#x2022; Samira bakar <span class="asciimath">`1/4`</span> av alla bullar.</li>
<li>&#x2022; Viktor bakar hälften så många bullar som Samira.</li>
<li>&#x2022; Robin bakar 24 bullar.</li>
</list>

<p>Hur många bullar bakar de tillsammans?</p>

<p>Visa hur du löser uppgiften.</p>

<pagenum page="normal" id="page-9">9</pagenum>

<p><span class="exercisenumber">23.</span> På skolans temadag får eleverna välja mat och något att dricka till lunchen.</p>

<p>De gör tre val.</p>

<list type="pl">
<hd>Välj bröd, korv och dricka</hd>
<li>&#x2022; Ljust korvbröd eller Mörkt korvbröd</li>
<li>&#x2022; Varmkorv eller Kycklingkorv eller Sojakorv</li>
<li>&#x2022; Vatten eller Juice eller Mjölk eller Saft</li>
</list>

<p>
<span class="exercisepart">a)</span> (2/0/0) Samira har bestämt sig för att äta sojakorv.<br/>
Nu ska hon välja bröd och dricka.<br/>
På hur många olika sätt kan hon kombinera sin lunch?<br/>
Visa hur du löser uppgiften.
<span class="exercisepart">b)</span> (0/2/0) Viktor har inte bestämt sig ännu.<br/>
Han ska välja bröd, korv och dricka.<br/>
På hur många olika sätt kan han kombinera sin lunch?<br/>
Visa hur du löser uppgiften.</p>
<pagenum page="normal" id="page-10">10</pagenum>

<p><span class="exercisenumber">24.</span> En av världens längsta broar finns i Kina och den är <span class="asciimath">`42,5 " km"`</span> lång.</p>

<p>Mellan Sverige och Danmark finns Öresundsbron som är 7 800 m lång.
<span class="exercisepart">a)</span> (2/0/0) Hur mycket längre är den bro som finns i Kina jämfört med Öresundsbron?<br/>
Visa hur du löser uppgiften.
<span class="exercisepart">b)</span> (0/1/2) En bil kör 90 km på en timme. Ungefär hur många minuter tar det för bilen att köra över Öresundsbron?<br/>
Visa hur du löser uppgiften.</p>
<pagenum page="normal" id="page-11">11</pagenum>

    <p><span class="exercisenumber">25.</span> (0/0/2) Se svällpappersbild.<br/> 
    Post-it-lappen uppfanns 1977. Alice har tre olika storlekar.</p>

<p>Hon lägger lapparna så här.</p>

<imggroup>
<img alt="illustration" src="p011-01.jpg" />
<caption>Bilden är inte skalenligt ritad.</caption>

</imggroup>

<list type="pl">
<li>&#x2022; Den rosa lappen är en kvadrat med sidan <span class="asciimath">`7,5 " cm"`</span>.</li>
<li>&#x2022; Den gröna lappens korta sida är lika lång som en sida på den rosa lappen.</li>
<li>&#x2022; Den gröna lappens area är <span class="asciimath">`93,75 " cm"^2`</span>.</li>
</list>

<p>Hur lång är den gula lappens längsta sida?</p>

<p>Visa hur du löser uppgiften.</p>
</level1>
</bodymatter>
</book>
</dtbook>
