<?xml version="1.0" encoding="UTF-8"?>
<!DOCTYPE dtbook PUBLIC "-//NISO//DTD dtbook 2005-3//EN" "http://www.daisy.org/z3986/2005/dtbook-2005-3.dtd">
<dtbook version="2005-3" xml:lang="sv" xmlns="http://www.daisy.org/z3986/2005/dtbook/">
<head>
<meta name="dtb:uid" content="X90722C" />
<meta name="dc:Title" content="Ämnesprov, läsår 2017/2018. Matematik. Årskurs 6. Delprov E" />
<meta name="dc:Creator" content="Skolverket" />
<meta name="dc:Identifier" content="X90722C"/>
<meta name="track:Guidelines" content="2011-2" />
<meta name="track:Supplier" content="PUAB" />
<meta name="dc:Language" content="sv" />
<meta name="dc:Format" content="DTBook" />
<meta name="dc:Date" content="2018-02-13" />
<meta name="dc:Publisher" content="SPSM" />
<meta name="track:SuppliedDate" content="2018-02-13" />
</head>
<book>
<frontmatter>
<doctitle>Ämnesprov, läsår 2017/2018. Matematik. Årskurs 6. Delprov E</doctitle>
<docauthor>Skolverket</docauthor>
</frontmatter>
<bodymatter>
<level1>
<pagenum page="normal" id="page-3">3</pagenum>

<p>Linjal ej tillåten. Hjälpmedel: Miniräknare.</p>

    <p class="precedingemptyline"><span class="exercisenumber">35.</span> (4/5/5) I de här uppgifterna stämmer inte figurernas mått med siffrorna som står angivna. Använd siffrorna. Du ska lösa uppgifterna utan att mäta med linjal.
        <span class="exercisepart">a)</span> Se svällpappersbild.<br/> 
        Hur stor area har rektangeln?<br />
Visa hur du löser uppgiften.</p>

<imggroup>
<img alt="illustration" src="p003-01.jpg" />
</imggroup>

<p>
    <span class="exercisepart">b)</span> Se svällpappersbild.<br/> 
    Omkretsen på en femhörning med lika långa sidor är 145 cm.<br />
Hur lång är en sida?<br />
Visa hur du löser uppgiften.</p>

<imggroup>
<img alt="illustration" src="p003-02.jpg" />
</imggroup>

<p>
    <span class="exercisepart">c)</span> Se svällpappersbild.<br/> 
    Hur stor area har figuren?<br />
Visa hur du löser uppgiften.</p>

<imggroup>
<img alt="illustration" src="p003-03.jpg" />
</imggroup>
<pagenum page="normal" id="page-4">4</pagenum>

<p>
    <span class="exercisepart">d)</span> Se svällpappersbild.<br/> 
    Arean av det markerade området är <span class="asciimath">`184 " cm"^2`</span>.<br />
Hur lång är sidan x?<br />
Visa hur du löser uppgiften.</p>

<imggroup>
<img alt="illustration" src="p004-01.jpg" />
</imggroup>

<p>
    <span class="exercisepart">e)</span> Se svällpappersbild.<br/> 
    Vilket värde har x?<br />
Visa hur du löser uppgiften.</p>

<imggroup>
<img alt="illustration" src="p004-02.jpg" />
</imggroup>
<pagenum page="normal" id="page-5">5</pagenum>


<p>
    <span class="exercisepart">f)</span> Se svällpappersbild.<br/> 
    Figur A har omkretsen 180 cm. Hur stor omkrets har figur B om x har samma värde i båda figurerna?<br />
Visa hur du löser uppgiften.</p>

    <imggroup>
        <img alt="illustration" src="p005-01.jpg" />
    </imggroup>

<p>
<span class="exercisepart">g)</span> Robin påstår att Figur B alltid har störst omkrets eftersom x har samma värde i båda figurerna. Har Robin rätt?<br />
Motivera ditt svar.</p>
</level1>
</bodymatter>
</book>
</dtbook>
