<?xml version="1.0" encoding="UTF-8"?>
<!DOCTYPE dtbook PUBLIC "-//NISO//DTD dtbook 2005-3//EN" "http://www.daisy.org/z3986/2005/dtbook-2005-3.dtd">
<dtbook version="2005-3" xml:lang="sv" xmlns="http://www.daisy.org/z3986/2005/dtbook/">
<head>
<meta name="dtb:uid" content="X90718C" />
<meta name="dc:Title" content="Ämnesprov, läsår 2017/2018. Matematik. Årskurs 6. Lärarinformation 2. Kopieringsunderlag 1. Självbedömning" />
<meta name="dc:Creator" content="Skolverket" />
<meta name="dc:Identifier" content="X90718C"/>
<meta name="track:Guidelines" content="2011-2" />
<meta name="track:Supplier" content="PUAB" />
<meta name="dc:Language" content="sv" />
<meta name="dc:Format" content="DTBook" />
<meta name="dc:Date" content="2018-02-13" />
<meta name="dc:Publisher" content="SPSM" />
<meta name="track:SuppliedDate" content="2018-02-13"  />
</head>
<book>
<frontmatter>
<doctitle>Ämnesprov, läsår 2017/2018. Matematik. Årskurs 6. Lärarinformation 2. Kopieringsunderlag 1. Självbedömning</doctitle>
<docauthor>Skolverket</docauthor>
</frontmatter>
<bodymatter>

<level1>
<pagenum page="normal" id="page-1">1</pagenum>

<h1>Självbedömning - Du och matematiken</h1>

<p>Hur känner du dig i följande situationer?</p>

<p>Svara </p>
<list type="pl">
<li>s för säker</li>
<li>g för ganska säker</li>
<li>o för osäker </li>
<li>m för mycket osäker </li>
</list>
<p>när du ska:</p>

<list type="pl">
<li>a) visa hur du har löst en uppgift</li>
<li>b) försöka förstå hur någon annan har löst en uppgift</li>
<li>c) diskutera lösningar av uppgifter med kamrater</li>
<li>d) lösa en uppgift som ser annorlunda ut än vad du är van vid</li>
<li>e) välja vilken metod som passar bäst för att lösa en uppgift</li>
<li>f) använda huvudräkning</li>
<li>g) använda skriftliga räknemetoder</li>
<li>h) använda miniräknare</li>
<li>i) skriva ner beräkningar som du har gjort med miniräknare</li>
<li>j) avgöra om ett svar är rimligt eller inte</li>
<li>k) beskriva vad som menas med <span class="asciimath">`1/8`</span></li>
<li>l) beskriva vad som menas med medelvärde</li>
<li>m) beskriva vad som menas med omkrets</li>
</list>
</level1>
</bodymatter>
</book>
</dtbook>
