<?xml version="1.0" encoding="UTF-8"?>
<!DOCTYPE dtbook PUBLIC "-//NISO//DTD dtbook 2005-3//EN" "http://www.daisy.org/z3986/2005/dtbook-2005-3.dtd">
<dtbook version="2005-3" xml:lang="sv" xmlns="http://www.daisy.org/z3986/2005/dtbook/">
<head>
<meta name="dtb:uid" content="X90721C" />
<meta name="dc:Title" content="Ämnesprov, läsår 2017/2018. Matematik. Årskurs 6. Delprov D" />
<meta name="dc:Creator" content="Skolverket" />
<meta name="dc:Identifier" content="X90721C"/>
<meta name="track:Guidelines" content="2011-2" />
<meta name="track:Supplier" content="PUAB" />
<meta name="dc:Language" content="sv" />
<meta name="dc:Format" content="DTBook" />
<meta name="dc:Date" content="2018-02-13" />
<meta name="dc:Publisher" content="SPSM" />
<meta name="track:SuppliedDate" content="2018-02-13" />
</head>
<book>
<frontmatter>
<doctitle>Ämnesprov, läsår 2017/2018. Matematik. Årskurs 6. Delprov D</doctitle>
<docauthor>Skolverket</docauthor>
</frontmatter>
<bodymatter>
<level1>

<pagenum page="normal" id="page-2">2</pagenum>

<p>Hjälpmedel: Miniräknare, linjal</p>

<p class="precedingemptyline">På uppgifterna i delprovet ska du redovisa hur du löser dem. Dina redovisningar ska vara så tydliga att någon annan kan läsa och förstå vad du menar.</p>

<p>Om du gör dina beräkningar på miniräknaren ska du redovisa dem. Du kan få poäng för delvis löst uppgift.</p>

<p>Läraren kommer att bedöma:</p>

<list type="pl">
<li>&#x2022; Hur du löser uppgifter.</li>
<li>&#x2022; Vilka kunskaper du visar om matematiska begrepp.</li>
<li>&#x2022; Vilka metoder du väljer och hur du använder dem.</li>
<li>&#x2022; Hur väl du redovisar ditt arbete.</li>
<li>&#x2022; Hur väl du använder ett matematiskt språk.</li>
</list>

<p>Eleverna i skolan har haft en temadag om uppfinningar och ordnar sedan en utställning för sina familjer. Besökarna får se många olika exempel på uppfinningar som eleverna har gjort själva och sådana de har läst om. På utställningen finns flera olika tävlingar och lekar som liknar de som eleverna har fått göra under temadagen.</p>

<p>Vid ett bord får besökarna prova att göra gem av en lång ståltråd. Vid ett annat bord får de gissa hur många muttrar, skruvar och bultar det är i en stor låda.</p>

<p>Eleverna har också ordnat ett litet kafé. Pengarna de får in från de två utställningsdagarna ska de skänka till välgörenhet.</p>

<pagenum page="normal" id="page-3">3</pagenum>

<p><span class="exercisenumber">26.</span> (2/0/0) Alice och Robin säljer biljetter till utställningen.</p>

<p>På lördagen säljer de 86 biljetter och på söndagen säljer de 79 biljetter.</p>

<p>En biljett kostar 30 kr.</p>

<p>Hur mycket pengar får de in sammanlagt?</p>

<p>Visa hur du löser uppgiften.</p>

    <p><span class="exercisenumber">27.</span> Se svällpappersbild.
<span class="exercisepart">a)</span> (1/0/0) På utställningen finns en termometer.<br />
Vilken temperatur visar termometern?<br />
Svar: <span class="answer">---</span> grader C
<span class="exercisepart">b)</span> (2/0/0) I rummet är det 34 grader varmare än vad termometern visar.<br />
Hur varmt är det i rummet?<br />
Visa hur du löser uppgiften.</p>

<imggroup>
<img alt="illustration" src="p003-02.jpg" />
</imggroup>
<pagenum page="normal" id="page-4">4</pagenum>

    <p><span class="exercisenumber">28.</span> Se svällpappersbild.
<span class="exercisepart">a)</span> (2/0/0) Hur långt är gemet i verkligheten?<br />
Visa hur du löser uppgiften.
<span class="exercisepart">b)</span> (2/0/0) Man behöver 16 cm ståltråd för att göra ett gem.<br />
Hur många gem kan man göra av 12 m ståltråd?<br />
Visa hur du löser uppgiften.</p>

    <imggroup>
        <img alt="illustration" src="p004-01.jpg" />
        <caption>Bilden visar ett gem i skala 5:1</caption>
    </imggroup>
    
<pagenum page="normal" id="page-5">5</pagenum>

<p><span class="exercisenumber">29.</span> (1/1/0) Bilderna visar hur de första cyklarna såg ut.</p>

<p>Det stora hjulet på varje cykel snurrar ett helt varv varje gång man trampar.</p>

<p>Samira trampar 50 gånger på en vuxencykel och Viktor trampar 50 gånger på en barncykel. Hur mycket längre kommer Samira på vuxencykeln jämfört med Viktor på barncykeln?</p>

<p>Visa hur du löser uppgiften.</p>

<imggroup>
<img alt="illustration" src="p005-01.jpg" />
    <prodnote render="optional">
        <p>Teckning av två gamla cyklar. De har båda ett stort framhjul och ett mycket mindre bakhjul. Styre och sadel sitter på framhjulet.</p>
        <p>Vuxencykelns stora hjul har omkretsen <span class="asciimath">`3,93 " m"`</span>.</p>
        <p>Barncykelns stora hjul har omkretsen <span class="asciimath">`2,71 " m".`</span></p>
        
    </prodnote>
</imggroup>

<p><span class="exercisenumber">30.</span> (1/1/0) Under 1 minut skickas det ungefär 150 miljoner mejl i världen.</p>

<p>Hur många mejl skickas det under en timme?</p>

<p>Svara i miljarder.</p>

<p>Visa hur du löser uppgiften.</p>

<pagenum page="normal" id="page-6">6</pagenum>

<p><span class="exercisenumber">31.</span> (0/2/0) På utställningen finns det tre olika spel att välja på.</p>

<p>Spel 1</p>

    <p>Se svällpappersbild.</p>
    
<p>När man snurrar på lyckohjulet vinner man om det stannar på gult.</p>

<imggroup>
<img alt="illustration" src="p006-01.jpg" />
</imggroup>

<p>Spel 2</p>

<p>När man slår en 6-sidig tärning vinner man om den visar 4.</p>

<p>Spel 3</p>

<p>När man tar upp en kula utan att titta vinner man om kulan är blå.</p>

<imggroup>
<img alt="illustration" src="p006-03.jpg" />
    <prodnote render="optional">I en påse ligger 3 röda kulor och 2 blå kulor.</prodnote>
</imggroup>

<p>I vilket spel är det störst chans att vinna?</p>

<p>Motivera ditt svar.</p>

<pagenum page="normal" id="page-7">7</pagenum>

    <p><span class="exercisenumber">32.</span> Se svällpappersbild.<br/> 
    Robin lägger stenar i ett mönster.
<span class="exercisepart">a)</span> (1/0/0) Hur många stenar finns det i Figur 4 om mönstret fortsätter öka på samma sätt?<br />
Svar: <span class="answer">---</span>
<span class="exercisepart">b)</span> (1/1/0) Hur många stenar finns det i Figur 8?<br />
Visa hur du löser uppgiften.
<span class="exercisepart">c)</span> (0/1/1) Du vet bara figurens nummer.<br />
Hur kan du då bestämma antalet stenar i figuren?<br />
Beskriv med ord eller formel.</p>

<imggroup>
<img alt="illustration" src="p007-01.jpg" />

</imggroup>
<pagenum page="normal" id="page-8">8</pagenum>

<p><span class="exercisenumber">33.</span> Pengarna från utställningen ska gå till välgörenhet.</p>

<p>Eleverna röstar om vilken organisation som ska få pengar.</p>

<p>Här är resultatet:</p>

<list type="pl">
<li>Rädda världshaven 16 röster</li>
<li>Skogens vänner 20 röster</li>
<li>Djurens bästa 44 röster</li>
</list>

<p>
<span class="exercisepart">a)</span> (0/2/0) Hur många procent av eleverna röstar på "Rädda världshaven"?<br />
Visa hur du löser uppgiften.
<span class="exercisepart">b)</span> (0/1/1) Eleverna har samlat in 20 960 kronor.<br />
De bestämmer att pengarna ska fördelas efter antal röster varje organisation har fått.<br />
Hur mycket pengar får "Djurens bästa"?<br />
Visa hur du löser uppgiften.</p>
<pagenum page="normal" id="page-9">9</pagenum>

<p><span class="exercisenumber">34.</span> (0/1/2) I en låda finns muttrar, bultar och skruvar.</p>

<p>Det finns:</p>

<list type="pl">
<li>&#x2022; 3 gånger så många skruvar som muttrar</li>
<li>&#x2022; 32 fler bultar än muttrar</li>
<li>&#x2022; totalt 782 muttrar, skruvar och bultar</li>
</list>

<p>Hur många skruvar finns det i lådan?</p>

<p>Visa hur du löser uppgiften.</p>

</level1>
</bodymatter>
</book>
</dtbook>
